datetime,Count_Predicted
05-06-2012 5:00,10
19-03-2011 19:00,109
02-04-2012 6:00,56
13-07-2012 20:00,343
09-11-2011 19:00,375
10-03-2012 0:00,51
19-05-2011 13:00,120
01-05-2011 8:00,41
07-07-2012 8:00,246
07-05-2011 16:00,410
09-04-2011 11:00,200
16-06-2011 04:00,38
13-07-2012 22:00,251
02-03-2012 14:00,240
18-05-2012 15:00,394
14-12-2011 22:00,99
17-02-2012 19:00,397
15-04-2012 18:00,454
06-10-2012 23:00,103
17-07-2012 00:00,46
13-09-2012 11:00,309
13-01-2012 07:00,286
11-08-2012 8:00,243
17-09-2011 08:00,72
04-11-2011 11:00,133
01-10-2011 11:00,169
03-03-2011 12:00,49
05-12-2012 19:00,513
18-06-2012 23:00,120
19-09-2012 18:00,677
08-11-2011 19:00,409
18-02-2011 13:00,140
07-11-2011 10:00,89
10-08-2011 14:00,226
02-05-2012 0:00,73
14-01-2011 14:00,30
17-07-2011 01:00,61
14-07-2011 15:00,282
04-03-2011 3:00,23
18-12-2012 15:00,302
14-12-2012 10:00,189
14-05-2011 03:00,30
19-03-2012 23:00,146
08-01-2011 5:00,35
13-08-2011 06:00,80
04-08-2011 2:00,0
03-02-2012 5:00,40
16-12-2012 21:00,142
04-01-2011 9:00,190
06-04-2011 1:00,2
09-03-2012 11:00,165
12-10-2012 20:00,280
14-06-2011 20:00,223
06-12-2012 2:00,4
03-12-2012 2:00,27
10-07-2011 17:00,366
09-01-2012 22:00,44
10-01-2012 17:00,459
07-08-2012 4:00,25
17-01-2011 04:00,7
03-05-2011 15:00,194
08-04-2012 7:00,110
04-07-2011 5:00,37
13-01-2011 14:00,17
18-08-2012 23:00,144
11-12-2012 0:00,22
11-03-2012 9:00,157
18-03-2012 08:00,133
06-12-2011 3:00,31
05-11-2011 14:00,366
10-10-2012 11:00,291
02-11-2011 20:00,166
18-07-2011 21:00,187
09-03-2011 15:00,74
10-12-2012 17:00,547
02-01-2011 20:00,92
01-10-2012 10:00,240
17-07-2012 14:00,283
07-03-2012 15:00,281
09-02-2011 22:00,0
16-01-2011 01:00,9
19-02-2012 12:00,265
09-02-2011 2:00,0
06-09-2011 9:00,310
11-06-2011 8:00,122
08-02-2011 2:00,14
15-08-2012 14:00,356
17-05-2011 12:00,60
03-04-2012 18:00,617
14-05-2011 07:00,0
06-01-2011 8:00,176
04-05-2011 22:00,106
14-08-2011 18:00,308
01-12-2012 18:00,290
11-01-2011 17:00,103
10-02-2011 17:00,162
08-02-2011 23:00,0
13-03-2011 04:00,20
18-06-2012 15:00,308
16-04-2012 18:00,520
05-09-2011 10:00,219
17-09-2012 05:00,50
05-12-2011 19:00,365
10-01-2011 1:00,0
08-05-2012 8:00,418
08-07-2011 16:00,150
06-09-2012 7:00,385
06-11-2012 17:00,548
05-03-2012 20:00,124
01-10-2011 13:00,260
17-04-2011 14:00,338
18-08-2012 11:00,422
03-09-2012 22:00,188
13-03-2011 08:00,25
12-05-2011 8:00,283
10-10-2011 11:00,258
11-04-2012 10:00,154
15-05-2011 09:00,130
06-10-2011 17:00,476
12-06-2011 7:00,55
15-04-2011 20:00,172
05-04-2012 14:00,295
13-04-2012 14:00,330
10-05-2012 8:00,422
02-02-2011 15:00,69
09-03-2011 9:00,205
19-05-2012 20:00,379
11-07-2012 18:00,704
18-04-2012 02:00,43
19-09-2012 13:00,372
04-11-2012 20:00,236
15-12-2012 11:00,338
08-04-2012 3:00,13
11-09-2011 0:00,77
16-12-2012 11:00,297
03-03-2012 15:00,428
03-11-2011 12:00,193
15-01-2012 01:00,6
07-10-2011 1:00,24
07-11-2011 0:00,21
04-03-2011 18:00,226
14-03-2012 12:00,245
11-05-2012 4:00,43
16-12-2012 07:00,113
01-03-2011 11:00,44
12-01-2012 5:00,13
13-08-2011 21:00,185
19-11-2012 01:00,40
09-09-2012 12:00,485
06-09-2011 16:00,81
17-08-2012 14:00,350
16-08-2011 07:00,314
01-04-2011 6:00,12
03-06-2012 17:00,564
09-01-2012 17:00,230
18-10-2012 04:00,47
02-06-2012 21:00,315
02-12-2011 17:00,397
02-08-2012 14:00,363
03-12-2011 5:00,40
12-10-2012 19:00,549
02-05-2012 17:00,615
07-11-2012 14:00,244
05-04-2012 3:00,20
03-06-2012 12:00,482
01-04-2011 3:00,16
04-01-2011 5:00,23
06-04-2012 3:00,21
09-07-2012 18:00,704
17-08-2012 22:00,150
17-11-2012 14:00,473
19-03-2012 21:00,226
05-01-2012 15:00,201
17-02-2011 03:00,1
13-04-2011 04:00,0
18-11-2011 04:00,26
12-09-2011 6:00,42
13-12-2011 08:00,285
06-01-2011 21:00,42
11-11-2011 18:00,211
08-03-2012 16:00,287
05-09-2012 18:00,657
09-03-2011 9:00,198
02-06-2011 9:00,347
19-03-2012 14:00,255
10-11-2012 2:00,11
18-12-2012 21:00,188
02-05-2011 4:00,9
08-05-2011 4:00,18
17-08-2012 01:00,87
14-11-2011 23:00,130
15-11-2011 05:00,54
09-01-2012 23:00,45
10-11-2012 5:00,43
03-12-2011 14:00,326
08-03-2011 14:00,85
08-09-2012 15:00,366
13-08-2012 09:00,512
04-05-2011 6:00,0
17-03-2011 21:00,114
01-04-2012 2:00,21
15-03-2012 17:00,600
05-05-2012 10:00,342
11-10-2012 14:00,386
14-06-2012 05:00,81
01-08-2011 5:00,10
03-08-2011 3:00,0
09-06-2011 6:00,18
08-08-2011 17:00,511
16-04-2011 22:00,27
13-01-2011 05:00,14
07-04-2012 20:00,312
06-08-2012 1:00,26
08-07-2012 0:00,83
04-11-2011 12:00,159
08-04-2011 13:00,48
13-02-2011 17:00,122
01-08-2011 7:00,304
10-06-2011 1:00,14
11-03-2011 9:00,199
12-06-2012 18:00,622
15-05-2011 15:00,383
01-10-2011 12:00,256
08-01-2011 23:00,0
12-06-2012 0:00,91
07-04-2012 16:00,481
01-05-2012 8:00,390
14-09-2012 08:00,423
01-05-2011 17:00,167
04-11-2012 23:00,51
13-01-2012 09:00,306
06-01-2012 21:00,155
15-07-2011 21:00,217
13-05-2011 03:00,23
11-12-2012 23:00,102
09-06-2012 16:00,564
16-02-2012 22:00,106
10-12-2011 16:00,281
10-07-2012 16:00,401
02-10-2011 3:00,0
04-08-2011 3:00,0
11-07-2011 15:00,187
12-04-2012 20:00,235
05-01-2012 3:00,5
10-02-2011 20:00,34
13-06-2012 13:00,330
03-12-2011 6:00,68
19-11-2011 07:00,25
07-03-2011 6:00,21
17-04-2012 08:00,448
13-10-2012 17:00,486
11-05-2012 4:00,44
12-02-2011 7:00,0
09-04-2012 5:00,23
10-12-2011 9:00,104
06-12-2011 21:00,106
18-12-2012 00:00,44
05-06-2011 5:00,69
17-09-2011 11:00,271
12-12-2012 5:00,53
10-12-2011 20:00,146
13-04-2012 10:00,205
19-10-2011 02:00,44
19-02-2011 00:00,31
07-03-2012 4:00,21
14-10-2011 16:00,287
17-01-2012 21:00,153
13-08-2012 02:00,37
19-02-2011 06:00,5
03-08-2011 6:00,4
15-04-2012 08:00,215
08-02-2011 3:00,0
16-01-2011 10:00,122
12-12-2012 21:00,160
02-08-2012 9:00,505
17-12-2012 05:00,50
01-09-2011 2:00,26
19-04-2012 00:00,20
19-02-2011 18:00,61
05-04-2011 16:00,129
08-06-2011 18:00,446
18-10-2011 18:00,456
19-02-2012 23:00,0
09-01-2011 10:00,103
16-02-2011 01:00,0
13-12-2012 00:00,41
01-06-2012 16:00,318
18-03-2011 07:00,222
16-12-2012 04:00,24
05-05-2012 0:00,109
16-08-2012 19:00,672
06-08-2011 16:00,315
02-04-2012 6:00,60
13-01-2012 19:00,319
08-05-2011 19:00,193
08-08-2011 15:00,225
04-11-2011 4:00,40
01-08-2012 22:00,231
16-02-2012 06:00,67
16-01-2012 04:00,0
01-07-2012 3:00,4
18-06-2011 23:00,110
13-10-2011 06:00,13
02-01-2011 0:00,75
05-08-2011 0:00,47
03-10-2012 15:00,365
18-09-2012 09:00,465
09-10-2012 19:00,540
04-10-2012 9:00,465
10-08-2011 16:00,268
07-05-2012 5:00,42
04-02-2012 5:00,37
08-04-2012 4:00,28
02-07-2012 13:00,300
06-12-2011 16:00,73
03-10-2011 20:00,90
01-03-2012 22:00,136
10-05-2012 10:00,230
02-09-2011 20:00,223
01-09-2011 11:00,185
05-02-2012 6:00,66
07-06-2011 21:00,188
05-11-2011 22:00,74
07-04-2011 14:00,194
17-05-2012 02:00,41
07-02-2012 14:00,212
09-02-2012 0:00,13
12-02-2011 9:00,0
02-06-2011 23:00,153
09-11-2011 14:00,223
12-09-2012 10:00,255
12-03-2012 6:00,52
10-05-2012 3:00,27
19-01-2012 00:00,1
10-06-2012 22:00,213
04-11-2011 20:00,162
04-01-2012 13:00,95
02-09-2011 5:00,42
19-02-2011 16:00,229
03-05-2012 18:00,637
15-12-2012 23:00,62
01-05-2012 10:00,209
05-06-2012 20:00,309
01-01-2011 12:00,199
14-06-2012 02:00,59
01-07-2012 23:00,118
11-06-2012 22:00,227
16-05-2012 18:00,652
13-03-2011 00:00,64
12-06-2012 0:00,91
09-03-2012 14:00,239
07-10-2011 0:00,34
05-10-2011 21:00,177
11-02-2011 5:00,35
13-10-2012 00:00,98
07-11-2012 18:00,477
02-01-2012 19:00,168
03-12-2012 7:00,376
05-08-2012 17:00,569
14-03-2012 20:00,275
06-12-2011 1:00,27
05-11-2011 16:00,348
09-07-2012 11:00,230
03-03-2011 18:00,207
08-05-2011 14:00,393
04-09-2011 13:00,349
05-06-2012 17:00,688
07-11-2011 18:00,426
02-03-2012 0:00,30
02-10-2011 20:00,163
13-03-2012 07:00,351
12-06-2011 18:00,278
13-04-2012 17:00,594
14-07-2011 02:00,28
11-12-2011 11:00,239
04-04-2011 12:00,121
16-03-2012 07:00,316
16-05-2012 17:00,671
05-04-2012 11:00,206
11-11-2012 0:00,64
02-09-2011 3:00,23
02-05-2012 13:00,255
08-06-2012 16:00,428
11-11-2012 2:00,1
15-02-2012 12:00,167
14-04-2012 04:00,29
13-09-2011 23:00,132
01-03-2011 12:00,55
17-05-2011 03:00,0
19-09-2011 10:00,119
15-05-2011 02:00,21
02-11-2012 14:00,291
06-03-2012 20:00,165
08-08-2012 14:00,345
06-03-2012 17:00,470
11-01-2011 9:00,163
01-11-2011 8:00,314
19-11-2012 03:00,33
14-03-2012 06:00,89
02-02-2012 20:00,151
03-11-2011 0:00,38
09-03-2011 4:00,18
09-04-2011 3:00,0
14-08-2012 06:00,28
15-11-2012 00:00,42
13-12-2012 01:00,25
03-09-2012 2:00,11
01-11-2011 2:00,29
01-04-2011 5:00,5
01-01-2012 21:00,160
16-05-2012 15:00,353
15-07-2011 05:00,36
02-12-2011 5:00,53
02-02-2012 12:00,200
11-08-2011 4:00,32
11-10-2012 19:00,561
06-06-2011 2:00,5
13-11-2011 01:00,58
08-06-2011 12:00,115
03-07-2012 11:00,228
17-01-2011 15:00,134
16-04-2011 10:00,115
15-04-2011 09:00,139
07-05-2011 9:00,153
10-12-2012 2:00,11
09-09-2011 22:00,134
01-06-2012 9:00,438
18-05-2012 11:00,288
05-12-2011 18:00,405
09-04-2011 19:00,54
05-08-2011 12:00,201
14-08-2012 13:00,339
15-06-2011 22:00,180
08-07-2011 4:00,0
15-10-2012 05:00,73
14-01-2012 06:00,52
08-02-2012 23:00,58
13-07-2012 15:00,396
17-10-2012 07:00,396
02-07-2012 3:00,34
17-11-2012 08:00,186
18-11-2011 08:00,266
14-10-2012 02:00,23
14-01-2011 07:00,164
15-12-2012 10:00,288
18-12-2011 01:00,13
16-02-2011 05:00,4
04-08-2011 8:00,278
19-07-2011 19:00,445
08-11-2012 0:00,25
13-10-2012 18:00,433
04-05-2012 0:00,81
16-06-2011 17:00,397
11-10-2011 17:00,420
12-10-2012 3:00,32
19-11-2011 17:00,262
07-02-2011 5:00,14
05-05-2012 15:00,416
19-05-2012 07:00,159
11-04-2012 6:00,65
09-03-2012 17:00,497
09-11-2012 21:00,183
05-06-2011 17:00,350
15-03-2012 18:00,577
07-07-2012 4:00,25
03-05-2012 8:00,308
11-09-2012 22:00,225
03-01-2011 16:00,21
12-03-2012 2:00,6
14-05-2011 23:00,4
11-05-2011 13:00,200
08-10-2011 13:00,402
13-09-2011 19:00,462
11-05-2011 18:00,441
12-11-2011 11:00,262
17-02-2012 07:00,278
12-08-2012 10:00,370
19-09-2011 00:00,57
16-12-2011 23:00,76
09-08-2012 18:00,656
17-08-2011 19:00,476
02-11-2011 4:00,29
01-11-2011 7:00,292
13-08-2011 06:00,76
02-12-2012 13:00,408
01-10-2011 0:00,110
09-09-2012 23:00,141
02-04-2011 20:00,160
19-06-2011 07:00,37
16-07-2011 15:00,433
15-10-2012 03:00,50
16-08-2011 17:00,525
18-11-2011 22:00,96
15-08-2012 19:00,647
05-01-2012 9:00,303
06-06-2011 9:00,356
07-07-2011 15:00,232
16-07-2011 07:00,72
04-11-2012 0:00,71
02-08-2012 6:00,80
01-01-2012 8:00,84
09-11-2012 5:00,70
04-09-2011 1:00,47
17-01-2012 02:00,0
18-11-2012 02:00,0
03-05-2011 12:00,134
02-03-2012 18:00,292
11-09-2012 3:00,41
06-06-2011 19:00,473
06-08-2012 6:00,55
04-04-2012 11:00,230
19-03-2011 00:00,115
01-04-2012 3:00,11
19-04-2011 01:00,24
16-02-2011 15:00,94
16-07-2012 22:00,224
14-02-2012 04:00,22
13-12-2012 03:00,22
19-09-2011 22:00,156
05-12-2011 7:00,295
04-02-2012 18:00,89
09-02-2011 23:00,0
06-06-2011 6:00,30
12-04-2012 22:00,166
17-07-2011 19:00,271
13-03-2012 16:00,313
16-06-2012 18:00,509
16-04-2011 13:00,172
16-11-2012 21:00,201
14-12-2012 03:00,15
09-06-2012 13:00,498
06-06-2011 15:00,233
02-04-2012 21:00,205
14-01-2011 20:00,47
15-01-2012 03:00,0
03-09-2012 8:00,288
04-08-2011 9:00,340
10-07-2012 0:00,71
12-08-2011 10:00,166
02-02-2011 15:00,74
08-04-2012 6:00,85
02-05-2011 23:00,112
15-06-2012 01:00,50
15-09-2011 03:00,17
08-12-2012 2:00,12
06-11-2011 14:00,358
11-10-2012 23:00,164
12-06-2012 17:00,571
01-03-2011 20:00,87
11-02-2012 9:00,35
03-12-2011 15:00,339
11-10-2012 9:00,492
01-03-2011 10:00,39
06-10-2011 11:00,196
16-04-2012 10:00,271
11-06-2012 15:00,365
05-03-2012 11:00,114
08-07-2012 5:00,39
13-05-2011 00:00,46
13-08-2011 01:00,91
09-06-2011 7:00,247
07-11-2011 20:00,157
19-03-2011 09:00,72
14-11-2011 13:00,190
11-12-2011 8:00,41
18-11-2012 20:00,244
13-02-2012 11:00,98
18-04-2012 18:00,455
08-08-2011 6:00,28
03-07-2011 10:00,245
18-08-2012 06:00,107
13-03-2012 02:00,12
07-08-2012 18:00,649
07-02-2011 22:00,48
05-06-2012 22:00,229
12-06-2011 11:00,287
13-01-2012 11:00,103
08-07-2012 22:00,155
17-09-2011 23:00,41
05-02-2012 4:00,11
01-05-2011 19:00,94
06-10-2012 14:00,502
04-09-2012 16:00,367
07-11-2012 1:00,36
16-04-2011 14:00,218
17-07-2012 17:00,681
16-10-2012 21:00,248
09-05-2011 15:00,217
05-09-2011 9:00,186
06-10-2012 12:00,477
14-05-2012 07:00,303
07-08-2012 12:00,260
08-06-2012 23:00,199
07-09-2011 21:00,118
09-06-2012 13:00,504
15-06-2012 23:00,197
18-08-2012 19:00,480
15-12-2012 08:00,160
04-01-2012 14:00,98
01-04-2012 7:00,87
05-12-2011 8:00,309
12-01-2011 8:00,181
04-02-2012 19:00,23
12-03-2011 2:00,10
02-09-2011 5:00,40
06-12-2011 22:00,59
08-08-2011 21:00,199
09-02-2011 20:00,0
05-09-2012 3:00,27
15-11-2012 22:00,145
09-05-2012 4:00,1
01-03-2011 6:00,22
08-02-2011 10:00,0
09-02-2011 0:00,0
07-05-2011 10:00,252
01-11-2012 8:00,416
19-03-2011 09:00,66
06-02-2011 15:00,239
16-02-2011 07:00,173
06-10-2011 9:00,347
14-08-2012 21:00,282
16-02-2011 12:00,44
07-05-2011 6:00,72
05-08-2012 15:00,521
18-07-2012 12:00,251
15-04-2012 23:00,133
09-08-2011 17:00,508
09-06-2012 15:00,555
11-04-2012 18:00,410
09-09-2012 3:00,36
10-09-2012 12:00,318
15-09-2012 00:00,105
15-11-2011 01:00,47
18-02-2011 11:00,97
04-07-2011 2:00,1
02-07-2011 2:00,46
16-06-2011 01:00,45
02-11-2011 2:00,13
03-12-2012 5:00,50
12-12-2011 0:00,7
04-08-2012 4:00,28
02-07-2012 2:00,36
06-05-2012 23:00,95
03-05-2012 10:00,194
05-03-2012 6:00,38
17-01-2011 20:00,35
19-05-2011 15:00,199
01-05-2011 13:00,311
05-03-2011 0:00,57
18-01-2012 18:00,343
09-03-2011 20:00,74
07-02-2012 18:00,466
15-08-2012 01:00,55
17-06-2012 13:00,505
09-04-2012 16:00,313
15-09-2012 05:00,93
10-05-2011 14:00,205
13-06-2012 08:00,431
17-01-2012 15:00,187
07-06-2011 13:00,169
16-04-2011 04:00,31
11-09-2012 15:00,428
02-04-2012 20:00,237
09-07-2011 17:00,383
19-07-2011 09:00,300
13-06-2012 02:00,31
04-10-2011 8:00,324
09-05-2011 13:00,178
14-11-2012 13:00,280
04-09-2011 3:00,9
19-08-2012 08:00,226
10-03-2012 12:00,299
07-10-2011 6:00,66
19-12-2011 10:00,80
14-06-2011 21:00,197
12-01-2012 12:00,132
06-04-2011 22:00,115
19-05-2012 00:00,127
03-07-2012 3:00,24
14-03-2011 19:00,278
13-07-2012 13:00,342
14-03-2011 14:00,77
15-02-2012 09:00,364
02-11-2012 13:00,303
08-02-2012 22:00,72
01-05-2011 18:00,131
19-12-2011 20:00,150
14-03-2011 09:00,237
18-12-2011 03:00,0
18-05-2012 00:00,76
01-07-2011 16:00,294
06-03-2012 6:00,42
17-12-2012 22:00,131
17-03-2012 21:00,229
10-10-2011 19:00,290
15-09-2012 04:00,64
08-02-2012 3:00,9
06-01-2012 15:00,260
19-04-2012 08:00,366
12-07-2012 4:00,43
19-04-2012 00:00,18
02-04-2012 16:00,297
16-02-2012 17:00,281
19-08-2012 15:00,505
02-05-2012 23:00,144
07-03-2012 14:00,252
17-02-2011 18:00,293
01-05-2011 16:00,322
11-02-2012 5:00,0
13-07-2012 06:00,91
09-02-2011 14:00,22
19-08-2012 02:00,53
14-08-2012 07:00,397
15-01-2011 00:00,23
02-07-2011 0:00,124
04-04-2011 2:00,2
18-01-2012 08:00,319
15-11-2012 23:00,122
13-07-2012 23:00,211
17-07-2012 08:00,428
08-10-2012 21:00,194
19-05-2012 02:00,52
11-01-2012 22:00,51
18-03-2011 10:00,106
19-09-2011 08:00,304
02-05-2012 20:00,253
10-07-2011 0:00,105
06-04-2012 11:00,218
13-10-2012 16:00,531
01-06-2011 19:00,395
02-11-2011 0:00,23
17-12-2011 15:00,283
04-07-2011 21:00,226
03-11-2012 1:00,65
06-12-2012 9:00,433
13-10-2012 10:00,336
18-02-2011 21:00,104
08-04-2012 21:00,247
16-10-2012 00:00,82
13-10-2011 09:00,228
04-10-2012 11:00,264
09-12-2012 10:00,268
18-08-2012 13:00,530
13-02-2011 04:00,20
03-08-2011 12:00,123
08-02-2012 9:00,320
08-08-2012 17:00,670
15-10-2011 06:00,86
04-06-2011 7:00,76
07-06-2011 5:00,25
04-07-2011 10:00,218
06-01-2012 0:00,8
19-11-2011 03:00,10
08-04-2011 9:00,232
07-10-2012 6:00,129
07-05-2012 2:00,27
03-06-2012 20:00,393
02-02-2011 21:00,36
17-05-2012 22:00,225
14-03-2012 22:00,184
02-09-2011 11:00,154
17-10-2011 08:00,329
17-09-2011 18:00,216
06-12-2012 11:00,214
17-04-2012 20:00,284
05-06-2012 4:00,0
06-01-2011 16:00,53
15-09-2012 02:00,43
12-01-2012 1:00,0
14-11-2011 12:00,168
13-09-2012 21:00,287
12-02-2012 2:00,0
17-09-2012 15:00,332
10-05-2011 8:00,287
11-10-2011 7:00,287
01-12-2012 8:00,140
16-07-2012 06:00,63
16-01-2012 14:00,211
12-11-2012 11:00,333
17-12-2011 14:00,275
16-06-2011 10:00,135
02-09-2011 23:00,136
05-08-2012 11:00,391
15-02-2012 06:00,61
05-07-2012 22:00,225
02-06-2011 11:00,170
16-12-2011 21:00,118
04-10-2011 13:00,205
09-02-2011 13:00,20
02-01-2011 12:00,174
19-03-2011 01:00,78
06-11-2012 16:00,293
04-05-2012 10:00,215
05-09-2011 17:00,325
10-06-2011 12:00,157
12-11-2012 23:00,123
05-03-2012 19:00,390
04-05-2011 3:00,0
09-08-2011 12:00,141
07-06-2011 6:00,45
08-05-2012 3:00,36
19-10-2012 20:00,274
09-11-2011 9:00,311
19-03-2012 03:00,30
01-11-2012 6:00,101
08-07-2011 14:00,198
07-08-2012 13:00,308
05-12-2012 13:00,298
09-02-2012 21:00,132
02-05-2011 15:00,207
05-08-2012 4:00,33
18-12-2012 15:00,308
15-04-2011 14:00,319
19-02-2012 14:00,317
18-07-2012 09:00,488
11-07-2012 20:00,337
19-11-2012 02:00,33
01-01-2012 2:00,8
09-04-2011 4:00,0
01-03-2012 15:00,319
16-05-2012 05:00,57
06-12-2011 14:00,55
14-02-2011 05:00,0
11-05-2011 7:00,274
13-12-2011 22:00,86
10-02-2011 23:00,13
01-09-2012 12:00,434
18-12-2011 14:00,287
19-12-2011 11:00,85
14-06-2012 03:00,56
03-07-2011 6:00,50
03-02-2011 9:00,176
19-06-2011 22:00,138
10-12-2012 17:00,556
09-08-2012 14:00,357
13-08-2012 13:00,334
12-03-2011 19:00,104
19-09-2011 18:00,423
12-09-2012 11:00,301
14-10-2012 22:00,179
10-03-2012 20:00,212
17-02-2011 20:00,126
08-07-2012 16:00,508
11-07-2012 1:00,25
15-05-2012 14:00,288
09-07-2012 19:00,666
17-11-2011 09:00,288
13-03-2012 03:00,11
19-10-2012 02:00,36
07-02-2011 9:00,218
15-07-2012 17:00,542
04-07-2011 21:00,233
18-08-2012 10:00,365
15-03-2011 23:00,54
08-11-2011 8:00,296
01-01-2011 18:00,0
19-01-2012 02:00,0
14-07-2011 22:00,181
02-08-2012 18:00,674
06-06-2011 11:00,140
02-05-2011 4:00,13
01-02-2011 10:00,14
02-07-2011 1:00,73
08-12-2011 19:00,292
17-09-2011 22:00,121
11-05-2011 17:00,462
07-12-2011 4:00,5
16-12-2011 01:00,36
10-06-2011 2:00,14
04-12-2011 14:00,334
19-04-2012 04:00,45
11-10-2012 17:00,663
15-04-2011 22:00,71
10-06-2012 0:00,123
01-08-2011 20:00,227
03-02-2012 20:00,170
11-07-2011 12:00,124
16-08-2011 20:00,246
02-04-2011 4:00,13
09-01-2012 13:00,103
18-04-2012 15:00,167
13-03-2011 07:00,0
11-10-2011 5:00,45
04-08-2011 18:00,453
03-10-2011 22:00,105
17-02-2012 04:00,32
06-11-2011 17:00,248
12-08-2011 22:00,191
10-09-2011 20:00,277
02-12-2012 1:00,19
09-08-2012 12:00,301
10-10-2012 7:00,421
18-11-2011 03:00,16
11-12-2012 14:00,254
07-02-2012 17:00,489
09-08-2012 4:00,16
11-07-2011 0:00,44
07-08-2012 11:00,228
02-01-2012 18:00,218
18-01-2012 03:00,20
08-09-2011 10:00,100
14-07-2012 20:00,328
12-01-2012 10:00,141
05-09-2011 19:00,216
07-11-2011 9:00,272
06-12-2011 1:00,29
06-06-2012 22:00,192
12-03-2011 14:00,255
17-08-2012 00:00,125
01-07-2012 1:00,59
09-01-2012 22:00,45
01-02-2011 23:00,0
14-03-2012 13:00,278
11-05-2012 18:00,639
11-11-2012 7:00,117
15-11-2011 07:00,312
04-07-2011 15:00,373
12-09-2012 19:00,656
09-12-2011 5:00,45
18-10-2011 09:00,333
02-07-2011 23:00,110
04-01-2011 21:00,44
05-09-2011 18:00,304
03-07-2011 23:00,72
13-04-2011 05:00,0
15-01-2011 12:00,157
13-09-2011 07:00,307
19-10-2012 04:00,57
18-11-2012 11:00,350
07-01-2011 8:00,162
17-07-2012 19:00,650
12-12-2012 12:00,232
15-11-2012 19:00,459
19-12-2011 16:00,167
12-12-2011 20:00,126
05-06-2011 13:00,369
02-09-2012 15:00,437
12-06-2011 12:00,324
02-09-2012 7:00,158
17-08-2011 06:00,47
19-08-2011 04:00,13
03-01-2012 19:00,282
07-09-2011 8:00,220
16-09-2011 21:00,181
01-01-2012 4:00,12
06-09-2012 1:00,30
15-02-2011 12:00,13
03-11-2012 16:00,413
14-02-2012 19:00,387
19-04-2011 06:00,52
01-12-2012 13:00,363
03-04-2012 3:00,12
17-06-2012 19:00,423
12-01-2011 14:00,10
14-12-2012 01:00,10
10-08-2011 0:00,56
16-11-2012 08:00,392
10-01-2012 22:00,99
01-04-2011 17:00,284
14-06-2012 20:00,315
06-01-2012 17:00,461
18-05-2011 22:00,132
02-03-2012 19:00,277
12-12-2011 15:00,120
11-05-2012 6:00,93
07-07-2012 5:00,52
06-03-2011 1:00,48
01-02-2011 15:00,21
06-04-2012 10:00,184
05-09-2012 16:00,378
07-12-2011 22:00,1
01-11-2011 0:00,34
16-11-2012 08:00,396
14-11-2011 07:00,315
14-09-2011 10:00,138
09-11-2011 7:00,275
02-12-2011 22:00,86
06-02-2011 7:00,0
10-09-2012 1:00,66
05-09-2011 0:00,122
07-07-2011 8:00,276
01-12-2011 5:00,36
08-02-2012 7:00,290
01-09-2012 5:00,64
09-11-2012 22:00,161
19-04-2011 14:00,142
09-04-2011 15:00,237
08-01-2012 13:00,336
13-10-2011 21:00,186
18-10-2011 07:00,302
17-03-2011 05:00,37
01-12-2011 9:00,296
09-02-2011 13:00,24
01-11-2011 13:00,184
19-02-2012 06:00,53
04-04-2011 20:00,177
09-07-2011 8:00,121
06-07-2012 1:00,42
08-09-2012 9:00,328
18-01-2012 14:00,151
10-01-2012 2:00,3
15-06-2011 10:00,150
07-09-2012 6:00,90
10-09-2011 10:00,258
17-12-2011 20:00,123
15-11-2011 20:00,161
08-03-2012 11:00,195
04-09-2011 6:00,72
16-10-2012 15:00,376
01-07-2011 1:00,35
03-11-2012 12:00,362
15-04-2012 17:00,493
09-10-2012 11:00,228
04-03-2012 18:00,217
01-12-2012 3:00,3
06-10-2011 17:00,472
19-03-2012 04:00,37
19-11-2011 12:00,313
14-08-2012 18:00,686
02-02-2012 23:00,82
13-06-2012 20:00,345
19-11-2012 16:00,301
16-10-2011 12:00,365
09-03-2012 8:00,313
01-07-2011 18:00,496
07-08-2012 5:00,43
14-06-2011 17:00,397
16-02-2011 12:00,48
17-09-2012 17:00,647
19-08-2011 19:00,315
16-10-2012 19:00,605
03-12-2012 4:00,33
08-09-2011 20:00,165
02-04-2012 20:00,222
18-10-2012 22:00,189
18-05-2011 16:00,217
13-06-2011 20:00,233
10-10-2011 5:00,19
06-12-2011 0:00,50
15-10-2011 03:00,39
12-08-2012 22:00,226
05-11-2012 9:00,436
04-08-2011 11:00,144
16-05-2012 10:00,230
14-04-2012 11:00,367
13-07-2012 23:00,213
04-10-2012 10:00,217
07-10-2012 18:00,216
16-03-2011 13:00,77
17-08-2011 18:00,496
18-06-2011 04:00,24
01-06-2012 20:00,184
05-08-2011 6:00,53
16-10-2011 02:00,41
03-09-2012 17:00,583
18-10-2011 16:00,259
13-07-2011 13:00,157
11-01-2012 5:00,41
06-12-2011 4:00,6
10-02-2011 16:00,37
19-07-2011 04:00,0
04-02-2011 8:00,184
14-04-2012 01:00,48
16-03-2011 11:00,61
06-08-2011 19:00,152
05-12-2012 9:00,467
03-05-2011 0:00,48
13-12-2012 21:00,173
03-04-2011 20:00,176
19-12-2012 17:00,567
13-07-2011 04:00,0
10-01-2011 9:00,158
19-05-2012 04:00,49
09-11-2011 6:00,60
12-10-2012 16:00,370
05-03-2011 4:00,25
05-03-2011 2:00,25
09-02-2011 11:00,16
05-03-2012 9:00,344
03-02-2012 0:00,18
08-08-2011 23:00,129
14-04-2012 15:00,503
07-01-2012 17:00,347
06-03-2011 6:00,69
04-08-2012 21:00,274
07-07-2011 16:00,250
10-07-2012 10:00,215
13-04-2011 12:00,32
04-03-2011 14:00,105
15-10-2012 19:00,463
10-07-2011 2:00,27
08-03-2011 13:00,71
10-04-2012 11:00,225
06-09-2011 17:00,363
09-01-2011 9:00,0
15-08-2011 14:00,221
01-03-2011 8:00,206
11-01-2011 19:00,47
18-09-2011 00:00,75
08-11-2011 12:00,182
03-10-2011 9:00,317
06-12-2011 13:00,45
18-02-2011 04:00,27
13-10-2011 14:00,225
17-09-2012 02:00,34
15-04-2012 11:00,390
02-03-2011 8:00,216
15-10-2011 10:00,269
04-08-2012 5:00,52
06-09-2011 15:00,71
12-03-2012 9:00,410
11-06-2012 14:00,337
19-10-2011 00:00,65
08-11-2012 19:00,529
01-07-2011 5:00,40
17-11-2012 10:00,309
16-05-2011 02:00,0
10-08-2012 12:00,290
19-06-2012 18:00,675
05-09-2011 3:00,42
14-12-2011 04:00,26
02-08-2012 8:00,460
05-03-2012 10:00,102
04-01-2012 18:00,315
17-07-2012 11:00,198
05-08-2011 10:00,145
12-12-2011 16:00,128
16-01-2012 06:00,10
03-02-2012 23:00,76
03-05-2011 2:00,29
04-06-2011 21:00,249
19-10-2011 18:00,276
16-08-2012 10:00,251
01-01-2011 14:00,223
14-12-2011 03:00,13
17-01-2012 18:00,445
19-11-2012 20:00,213
19-10-2011 16:00,112
16-04-2012 00:00,114
06-06-2012 12:00,328
11-11-2011 13:00,284
11-03-2011 5:00,40
10-04-2011 7:00,0
08-08-2012 21:00,279
05-03-2011 18:00,135
05-11-2011 6:00,72
16-07-2011 20:00,305
13-12-2012 00:00,42
04-01-2012 9:00,304
18-08-2011 11:00,164
15-11-2012 22:00,148
13-11-2012 14:00,285
09-12-2011 21:00,110
06-04-2012 3:00,17
10-08-2012 16:00,412
17-09-2011 04:00,31
16-11-2011 21:00,82
12-06-2011 19:00,232
01-12-2011 7:00,254
16-07-2011 09:00,189
04-09-2011 23:00,94
19-08-2011 12:00,180
15-10-2012 23:00,163
05-07-2012 17:00,665
15-08-2011 09:00,352
14-01-2011 22:00,34
15-12-2012 16:00,444
01-04-2011 4:00,26
14-08-2012 02:00,20
11-04-2012 1:00,18
11-06-2012 8:00,470
14-03-2011 07:00,211
17-06-2012 22:00,211
16-09-2011 02:00,8
08-08-2011 19:00,495
19-05-2012 21:00,297
18-05-2012 12:00,321
06-08-2012 22:00,221
19-09-2012 17:00,714
18-04-2012 07:00,371
18-02-2012 00:00,60
14-02-2011 19:00,238
17-08-2012 15:00,368
11-03-2011 16:00,100
17-05-2011 22:00,118
13-04-2011 06:00,6
17-10-2011 10:00,145
09-07-2012 10:00,169
10-10-2012 20:00,305
05-08-2012 22:00,190
18-06-2011 22:00,171
09-06-2012 11:00,415
09-03-2011 12:00,49
12-04-2012 19:00,497
10-10-2011 20:00,248
19-03-2011 13:00,274
11-09-2011 15:00,428
13-06-2012 15:00,406
08-03-2012 20:00,256
12-01-2011 23:00,6
13-12-2011 03:00,9
05-08-2011 10:00,151
08-05-2011 23:00,35
08-12-2011 4:00,27
13-07-2012 17:00,675
09-10-2011 7:00,42
17-10-2012 00:00,53
05-07-2012 11:00,212
07-09-2011 11:00,52
10-02-2011 1:00,0
04-05-2012 16:00,389
19-09-2011 23:00,126
16-12-2011 10:00,120
14-06-2011 07:00,305
06-11-2011 9:00,76
18-01-2012 17:00,357
09-12-2012 19:00,142
15-11-2011 18:00,383
01-10-2011 12:00,246
10-06-2011 20:00,222
01-08-2011 9:00,343
08-07-2012 6:00,80
08-10-2012 18:00,423
14-06-2011 23:00,128
01-06-2011 0:00,36
02-08-2012 20:00,315
08-08-2011 9:00,361
07-06-2012 12:00,328
08-09-2012 22:00,171
16-12-2011 15:00,150
09-10-2011 8:00,86
19-08-2012 11:00,305
13-04-2011 17:00,339
11-03-2012 13:00,377
18-09-2012 02:00,0
05-11-2012 11:00,215
17-05-2011 15:00,197
11-06-2011 10:00,258
18-06-2012 17:00,600
13-06-2012 07:00,415
04-05-2011 18:00,344
14-07-2012 22:00,188
07-08-2012 9:00,479
03-12-2012 20:00,225
17-07-2011 09:00,171
05-01-2012 10:00,109
01-09-2011 1:00,36
03-08-2011 2:00,0
02-05-2012 7:00,367
07-02-2011 13:00,37
10-02-2012 5:00,34
06-07-2012 2:00,16
17-04-2012 17:00,638
06-10-2011 6:00,72
01-07-2012 14:00,488
04-09-2012 23:00,181
15-02-2012 15:00,227
07-09-2012 0:00,61
13-07-2011 10:00,100
10-06-2011 21:00,190
19-01-2012 19:00,301
08-05-2011 16:00,406
19-12-2011 18:00,371
13-08-2011 19:00,211
10-05-2011 22:00,147
14-08-2012 16:00,401
04-09-2012 6:00,59
01-08-2011 21:00,191
03-12-2012 0:00,47
18-10-2011 14:00,236
19-09-2012 21:00,256
10-01-2012 13:00,177
17-12-2012 23:00,60
19-01-2012 22:00,75
15-04-2011 21:00,132
14-11-2012 18:00,526
19-08-2012 06:00,116
19-05-2012 16:00,552
05-03-2012 5:00,18
18-01-2011 13:00,0
01-02-2012 6:00,37
03-12-2012 16:00,364
16-06-2012 11:00,429
12-02-2012 15:00,245
06-09-2012 6:00,68
03-08-2012 5:00,57
06-07-2012 15:00,350
07-11-2011 8:00,257
04-06-2012 14:00,356
18-11-2012 08:00,190
02-10-2012 18:00,483
15-07-2011 20:00,249
07-09-2012 17:00,685
01-11-2011 21:00,124
03-09-2012 13:00,440
12-03-2012 1:00,11
17-10-2012 13:00,325
15-07-2011 00:00,50
09-04-2012 22:00,160
10-06-2011 7:00,269
15-02-2012 20:00,171
15-10-2012 20:00,250
08-08-2011 16:00,234
03-09-2012 1:00,66
01-12-2012 15:00,425
08-08-2011 7:00,312
06-10-2012 7:00,193
17-02-2011 04:00,10
07-11-2012 6:00,86
09-06-2011 6:00,0
07-12-2012 17:00,508
18-08-2011 00:00,60
18-09-2011 02:00,12
19-04-2011 15:00,155
03-10-2012 6:00,85
07-01-2011 14:00,20
11-08-2011 14:00,261
10-09-2012 10:00,245
04-02-2011 19:00,146
10-12-2012 21:00,168
02-07-2011 3:00,34
18-05-2012 21:00,279
02-07-2011 16:00,414
16-06-2012 07:00,185
05-02-2011 19:00,0
02-11-2012 8:00,423
19-07-2012 15:00,381
11-07-2012 13:00,324
09-01-2012 22:00,45
02-02-2012 0:00,53
11-04-2012 9:00,377
19-04-2012 03:00,32
06-04-2012 20:00,247
07-03-2011 4:00,6
06-03-2011 6:00,63
15-02-2012 21:00,141
07-06-2012 7:00,391
02-08-2011 16:00,226
14-04-2012 06:00,86
14-10-2011 15:00,279
03-02-2011 8:00,169
17-12-2011 02:00,26
09-03-2012 10:00,136
06-08-2012 13:00,325
07-05-2012 6:00,65
03-02-2011 14:00,29
01-01-2012 10:00,215
09-06-2011 22:00,170
12-08-2012 11:00,433
17-03-2011 01:00,15
15-03-2011 10:00,46
07-07-2012 10:00,265
06-10-2011 8:00,322
14-03-2011 10:00,36
15-03-2012 23:00,141
12-07-2011 9:00,338
08-12-2011 18:00,313
05-10-2012 5:00,86
15-05-2012 23:00,101
03-06-2011 14:00,266
15-01-2012 16:00,271
02-02-2012 4:00,14
14-08-2011 17:00,350
05-05-2012 12:00,447
12-02-2012 16:00,261
03-07-2011 4:00,15
06-06-2011 16:00,260
19-11-2011 06:00,69
13-02-2012 05:00,19
08-10-2012 10:00,268
05-11-2012 5:00,56
18-06-2011 20:00,290
08-01-2011 18:00,0
17-04-2012 11:00,236
14-07-2011 00:00,56
04-11-2012 8:00,194
04-11-2012 18:00,357
03-01-2012 7:00,287
02-11-2012 19:00,484
08-03-2012 4:00,46
02-05-2012 16:00,360
13-05-2012 04:00,58
14-09-2012 01:00,56
03-02-2011 19:00,173
11-08-2012 9:00,314
09-01-2011 7:00,0
12-01-2011 5:00,36
17-05-2012 14:00,369
17-08-2011 07:00,309
19-01-2012 16:00,157
16-11-2012 00:00,52
01-12-2012 9:00,176
10-05-2012 9:00,467
15-05-2012 21:00,196
04-11-2012 11:00,365
14-10-2011 03:00,26
09-07-2012 5:00,33
02-06-2011 17:00,500
06-07-2011 14:00,218
15-10-2012 04:00,62
12-08-2011 11:00,192
17-04-2011 16:00,357
08-01-2012 18:00,204
17-01-2012 23:00,112
10-11-2011 12:00,137
17-06-2012 15:00,552
04-05-2011 7:00,155
12-02-2012 23:00,0
05-05-2012 12:00,444
19-04-2011 22:00,121
17-05-2011 07:00,248
05-02-2012 15:00,301
18-04-2011 10:00,86
15-10-2011 23:00,96
13-11-2012 05:00,50
01-11-2012 10:00,151
08-09-2011 15:00,122
11-02-2012 14:00,253
04-11-2012 16:00,457
04-08-2011 13:00,218
05-11-2012 14:00,286
02-11-2012 15:00,306
03-04-2011 6:00,58
11-07-2012 10:00,216
05-09-2012 6:00,83
16-09-2011 14:00,239
10-11-2012 9:00,270
10-05-2012 5:00,68
19-03-2012 15:00,293
06-08-2011 16:00,315
16-04-2011 19:00,90
14-11-2012 11:00,228
08-04-2011 3:00,2
04-05-2012 15:00,348
09-10-2012 14:00,310
02-05-2012 1:00,43
07-07-2011 18:00,473
07-05-2011 21:00,203
14-02-2011 14:00,80
12-02-2012 22:00,21
09-03-2011 10:00,49
12-07-2011 8:00,318
01-04-2011 19:00,259
10-11-2011 1:00,32
14-07-2012 13:00,468
14-09-2011 08:00,326
11-07-2011 14:00,170
19-04-2012 20:00,279
10-06-2011 14:00,205
15-07-2011 04:00,22
08-06-2011 16:00,186
11-01-2011 0:00,0
09-09-2012 7:00,178
18-05-2012 13:00,353
16-12-2012 22:00,107
02-10-2012 0:00,84
01-10-2011 19:00,92
12-06-2012 20:00,281
12-02-2011 20:00,99
09-03-2012 6:00,66
15-05-2011 04:00,20
12-02-2012 14:00,252
16-09-2011 01:00,29
01-03-2012 19:00,477
16-07-2011 07:00,73
03-11-2011 4:00,36
12-05-2011 8:00,290
17-01-2011 21:00,14
16-10-2012 14:00,366
07-05-2012 12:00,227
12-12-2012 19:00,442
11-08-2012 16:00,562
18-01-2012 05:00,21
11-12-2011 16:00,310
15-05-2011 08:00,45
05-04-2012 2:00,20
05-08-2011 7:00,280
17-04-2011 09:00,82
07-12-2011 19:00,176
07-11-2012 18:00,482
15-07-2012 20:00,335
05-09-2012 2:00,23
11-12-2012 8:00,409
09-07-2011 21:00,232
07-12-2011 11:00,49
01-11-2012 16:00,302
17-03-2011 00:00,19
11-08-2012 4:00,33
02-01-2012 23:00,0
08-07-2012 1:00,41
16-03-2012 11:00,190
19-12-2012 18:00,539
19-08-2012 20:00,321
17-03-2011 10:00,85
04-03-2012 19:00,163
08-08-2011 3:00,0
04-12-2011 16:00,331
18-02-2012 11:00,269
09-08-2012 10:00,228
14-07-2011 06:00,61
17-01-2012 09:00,261
15-05-2012 16:00,356
15-12-2011 12:00,123
06-11-2011 23:00,11
06-02-2012 22:00,97
07-07-2012 9:00,307
19-11-2011 20:00,199
16-12-2011 10:00,120
16-10-2012 05:00,74
10-02-2012 13:00,168
06-06-2012 8:00,453
17-05-2012 01:00,50
19-12-2012 03:00,19
03-12-2011 10:00,215
10-01-2011 21:00,18
11-09-2011 4:00,25
19-06-2012 20:00,310
02-02-2011 22:00,34
11-05-2011 14:00,216
18-06-2011 15:00,398
05-06-2011 10:00,239
08-02-2012 18:00,237
15-07-2012 12:00,441
04-11-2012 19:00,297
02-08-2011 6:00,40
02-11-2012 3:00,31
14-05-2011 14:00,285
15-08-2011 18:00,492
06-08-2011 17:00,229
13-05-2012 16:00,542
15-01-2011 15:00,204
16-06-2011 05:00,38
17-10-2012 22:00,168
17-11-2011 08:00,216
17-07-2011 16:00,428
12-10-2011 15:00,93
13-08-2011 14:00,384
09-06-2012 4:00,60
09-08-2011 21:00,210
10-02-2011 4:00,26
10-04-2012 14:00,302
03-06-2011 7:00,284
12-11-2012 17:00,538
06-10-2012 10:00,354
16-11-2011 15:00,88
04-06-2011 4:00,42
13-06-2012 17:00,713
08-05-2011 12:00,342
05-06-2011 6:00,96
06-12-2012 8:00,395
01-02-2011 2:00,5
13-09-2012 02:00,37
01-10-2012 23:00,126
06-10-2011 14:00,257
14-06-2012 01:00,67
02-01-2012 5:00,0
18-04-2012 16:00,230
08-09-2012 17:00,346
03-04-2012 12:00,250
01-10-2011 2:00,45
13-04-2012 15:00,338
09-03-2011 13:00,44
10-05-2011 9:00,309
04-04-2012 6:00,81
15-02-2012 07:00,301
09-01-2012 4:00,9
03-03-2011 19:00,185
02-06-2011 22:00,188
10-01-2012 6:00,42
16-09-2012 21:00,296
17-01-2012 00:00,12
18-10-2011 06:00,63
19-10-2012 09:00,436
16-02-2011 16:00,108
07-04-2011 22:00,92
19-07-2012 18:00,672
10-03-2011 22:00,49
07-10-2011 13:00,251
06-11-2012 3:00,20
02-11-2011 19:00,351
15-03-2011 01:00,1
10-02-2012 1:00,14
02-03-2012 5:00,60
01-06-2011 2:00,2
07-05-2012 10:00,166
14-01-2011 05:00,24
04-04-2012 0:00,63
13-10-2011 22:00,161
12-07-2011 20:00,223
11-02-2012 22:00,18
15-05-2012 19:00,601
11-12-2011 17:00,190
19-06-2012 12:00,291
08-10-2012 20:00,246
01-03-2011 23:00,38
19-07-2012 14:00,351
14-07-2012 17:00,388
04-06-2011 19:00,279
15-06-2012 00:00,78
13-06-2012 11:00,261
08-04-2012 16:00,517
14-05-2012 10:00,98
19-07-2011 05:00,9
11-11-2012 19:00,353
19-06-2012 07:00,395
02-05-2012 14:00,331
15-07-2012 10:00,334
09-07-2012 8:00,426
01-07-2011 14:00,252
12-03-2012 16:00,294
19-02-2011 04:00,0
12-12-2011 21:00,86
16-08-2012 15:00,421
18-12-2011 06:00,62
12-12-2011 17:00,327
01-02-2011 18:00,164
08-02-2011 1:00,11
18-07-2012 16:00,384
08-06-2012 11:00,305
10-06-2012 22:00,214
02-07-2012 20:00,330
04-05-2012 22:00,201
09-08-2011 8:00,325
13-12-2012 12:00,255
02-06-2011 10:00,143
04-11-2012 20:00,236
03-12-2012 7:00,379
03-12-2012 3:00,24
13-05-2012 05:00,75
11-04-2012 2:00,9
11-04-2012 5:00,42
03-06-2012 14:00,556
05-12-2011 14:00,152
02-08-2012 12:00,301
04-10-2011 7:00,295
13-04-2012 03:00,26
08-06-2012 13:00,368
11-04-2011 20:00,177
19-11-2012 18:00,536
14-07-2012 22:00,193
19-02-2011 21:00,46
12-12-2011 12:00,104
06-07-2011 0:00,33
07-02-2012 16:00,230
03-07-2011 12:00,330
06-07-2011 10:00,51
13-09-2011 04:00,16
10-05-2012 0:00,35
12-01-2012 0:00,0
18-04-2011 22:00,125
15-05-2011 10:00,233
09-06-2011 4:00,0
07-01-2011 10:00,23
17-09-2012 19:00,586
12-03-2011 16:00,273
13-02-2012 22:00,87
12-06-2011 2:00,21
16-07-2012 23:00,168
11-11-2012 13:00,494
13-04-2011 20:00,139
07-03-2012 17:00,552
07-07-2011 7:00,245
05-03-2011 17:00,159
19-04-2012 19:00,558
12-06-2011 22:00,129
10-11-2011 11:00,135
04-06-2012 0:00,83
06-12-2011 18:00,320
12-08-2011 21:00,228
09-03-2012 22:00,103
04-05-2012 8:00,421
10-01-2011 3:00,0
04-09-2011 17:00,343
06-10-2012 3:00,47
17-04-2012 09:00,475
08-04-2012 10:00,315
08-10-2011 18:00,335
08-03-2011 7:00,205
19-09-2012 05:00,77
07-03-2011 16:00,72
04-02-2012 11:00,265
13-05-2011 08:00,247
14-09-2011 21:00,202
07-10-2012 10:00,301
17-11-2012 03:00,10
04-09-2011 7:00,66
07-06-2012 8:00,433
08-08-2011 2:00,0
03-07-2012 15:00,332
04-08-2011 21:00,187
03-04-2011 17:00,204
01-10-2012 9:00,498
05-08-2011 17:00,495
14-08-2012 05:00,28
05-12-2012 12:00,270
03-05-2012 5:00,53
18-02-2012 09:00,140
05-09-2012 14:00,358
07-12-2012 20:00,158
17-11-2011 08:00,225
07-02-2011 1:00,0
17-03-2011 19:00,290
12-09-2011 22:00,145
13-06-2011 16:00,258
19-02-2011 14:00,225
15-05-2011 12:00,314
15-04-2012 15:00,513
01-12-2012 22:00,76
04-08-2011 12:00,168
19-10-2012 15:00,388
13-06-2011 13:00,208
16-11-2011 20:00,91
14-12-2012 21:00,159
10-07-2012 17:00,729
03-01-2011 15:00,12
15-06-2012 04:00,44
09-02-2011 10:00,23
01-03-2011 22:00,50
11-02-2011 6:00,43
03-01-2012 4:00,8
01-03-2011 1:00,1
03-10-2011 4:00,16
02-09-2011 15:00,245
01-04-2012 6:00,87
14-05-2012 17:00,458
03-02-2012 13:00,209
05-10-2012 0:00,88
07-02-2012 13:00,198
13-05-2012 18:00,446
16-08-2012 14:00,391
09-02-2012 23:00,90
13-01-2011 06:00,28
10-10-2011 9:00,213
12-03-2012 19:00,509
15-04-2011 15:00,319
06-03-2011 3:00,32
15-01-2011 03:00,14
06-02-2011 3:00,0
04-05-2012 4:00,48
06-02-2012 20:00,152
10-03-2012 16:00,382
07-09-2011 5:00,16
14-12-2012 05:00,56
05-06-2011 22:00,137
03-01-2011 14:00,0
16-07-2011 01:00,64
12-03-2011 9:00,46
08-05-2011 7:00,3
09-11-2012 8:00,422
09-02-2012 2:00,7
02-10-2011 16:00,199
18-12-2011 09:00,83
04-08-2012 20:00,377
03-08-2012 23:00,169
19-03-2012 08:00,410
16-02-2012 14:00,87
06-08-2011 10:00,236
07-01-2011 13:00,14
14-11-2012 19:00,490
05-08-2011 5:00,33
16-10-2012 16:00,387
07-09-2012 11:00,284
06-11-2011 7:00,7
19-02-2011 23:00,0
04-04-2011 9:00,279
10-11-2011 4:00,30
16-10-2012 21:00,232
09-05-2011 22:00,136
02-02-2012 1:00,45
09-05-2011 14:00,199
11-09-2011 11:00,305
04-01-2012 23:00,60
18-06-2011 07:00,68
18-03-2011 09:00,265
12-09-2012 12:00,350
16-07-2012 04:00,19
05-05-2012 13:00,483
14-11-2011 16:00,238
11-06-2011 8:00,116
14-12-2011 02:00,9
10-07-2011 20:00,288
12-10-2012 9:00,515
01-04-2011 7:00,126
17-05-2011 14:00,175
03-01-2012 20:00,78
15-06-2011 09:00,354
19-02-2012 00:00,61
10-06-2012 9:00,321
17-05-2012 21:00,272
14-03-2012 09:00,452
12-05-2012 17:00,509
13-08-2011 08:00,113
10-04-2011 1:00,41
05-05-2011 1:00,14
15-09-2011 04:00,29
12-05-2012 1:00,71
07-12-2012 12:00,222
10-11-2012 14:00,526
14-01-2012 14:00,277
07-07-2011 13:00,181
18-01-2012 06:00,29
19-08-2011 18:00,466
14-04-2012 20:00,325
08-10-2011 2:00,33
01-07-2011 22:00,191
11-12-2012 3:00,0
08-02-2012 16:00,74
12-10-2012 4:00,47
13-10-2011 07:00,199
12-12-2011 13:00,100
18-05-2011 17:00,428
19-06-2012 15:00,364
08-01-2012 16:00,349
07-09-2011 0:00,27
09-02-2011 7:00,172
12-10-2012 18:00,591
09-01-2011 22:00,0
11-11-2011 2:00,16
12-06-2011 8:00,103
09-08-2012 7:00,377
11-06-2012 23:00,188
10-11-2012 6:00,69
10-02-2012 22:00,109
04-11-2012 10:00,311
04-08-2012 13:00,477
07-01-2011 22:00,33
08-10-2012 6:00,62
14-12-2011 08:00,262
14-06-2012 14:00,376
15-06-2012 14:00,398
01-08-2011 0:00,38
16-07-2011 03:00,22
02-07-2012 23:00,194
13-04-2012 00:00,45
12-05-2012 19:00,416
09-05-2011 5:00,22
06-01-2011 19:00,162
03-10-2012 5:00,59
17-07-2012 18:00,673
12-01-2011 15:00,8
01-04-2012 1:00,40
02-06-2011 6:00,53
10-12-2012 3:00,15
16-08-2011 00:00,55
19-12-2012 01:00,22
16-01-2012 18:00,203
01-09-2012 13:00,475
11-04-2012 12:00,191
12-07-2011 9:00,341
08-02-2011 14:00,9
19-12-2011 07:00,271
10-03-2011 16:00,85
06-12-2011 2:00,29
12-08-2011 5:00,48
15-09-2011 17:00,267
04-01-2011 16:00,46
07-11-2011 11:00,122
05-07-2011 0:00,55
04-03-2011 5:00,38
01-09-2012 11:00,382
05-05-2011 17:00,432
10-06-2012 10:00,355
12-05-2011 6:00,50
03-03-2012 20:00,264
05-10-2012 15:00,426
15-08-2011 19:00,476
11-06-2012 3:00,23
17-06-2012 13:00,498
01-02-2011 15:00,19
01-12-2012 1:00,16
06-03-2012 12:00,156
04-08-2011 23:00,137
11-03-2012 17:00,397
10-10-2012 9:00,528
10-07-2011 19:00,270
06-03-2012 18:00,441
14-04-2012 05:00,55
02-11-2012 17:00,565
07-04-2012 19:00,364
06-04-2012 23:00,126
10-07-2012 8:00,465
10-03-2011 10:00,9
05-08-2012 19:00,382
19-09-2012 20:00,314
03-10-2012 4:00,35
03-11-2011 10:00,117
10-02-2011 11:00,18
01-06-2012 22:00,137
15-02-2011 01:00,0
19-04-2012 15:00,355
18-05-2012 07:00,371
18-06-2012 06:00,14
14-06-2011 18:00,472
08-09-2012 18:00,310
03-06-2012 0:00,124
02-06-2012 23:00,142
15-09-2012 22:00,219
19-01-2012 09:00,312
14-01-2011 16:00,50
19-10-2012 21:00,237
18-05-2012 10:00,252
10-09-2011 2:00,19
19-11-2012 15:00,310
18-01-2012 01:00,38
13-12-2012 10:00,198
12-02-2012 16:00,263
04-09-2012 0:00,62
09-04-2011 21:00,89
04-03-2011 13:00,95
06-08-2012 10:00,206
10-09-2012 11:00,288
08-07-2012 21:00,278
18-06-2011 23:00,111
18-02-2012 10:00,213
09-11-2011 11:00,156
14-02-2011 08:00,203
15-02-2012 10:00,135
06-06-2012 15:00,403
12-09-2012 23:00,184
13-05-2012 15:00,537
19-07-2011 18:00,475
14-06-2012 18:00,679
18-09-2011 19:00,190
15-07-2011 08:00,314
17-06-2011 04:00,16
01-01-2011 2:00,4
15-03-2012 21:00,214
19-09-2011 01:00,40
07-10-2012 0:00,109
02-05-2011 11:00,119
01-05-2012 21:00,260
10-11-2012 12:00,441
03-04-2011 13:00,299
10-02-2011 14:00,27
19-03-2012 05:00,54
15-01-2011 04:00,19
17-04-2012 17:00,640
07-01-2011 7:00,170
07-11-2012 23:00,71
18-06-2011 10:00,252
10-06-2012 20:00,381
09-09-2012 15:00,590
11-10-2011 17:00,413
15-04-2012 12:00,436
11-12-2011 15:00,315
19-09-2011 12:00,159
06-02-2012 5:00,27
15-04-2012 02:00,63
18-06-2012 11:00,178
02-07-2012 6:00,76
09-04-2011 7:00,0
03-09-2012 23:00,119
14-09-2011 02:00,18
01-12-2011 19:00,330
12-05-2011 0:00,37
07-11-2012 2:00,33
10-10-2012 23:00,168
15-10-2011 07:00,54
10-07-2011 0:00,100
12-04-2011 8:00,194
04-05-2011 3:00,0
18-10-2011 05:00,42
04-11-2012 22:00,105
18-08-2011 10:00,135
03-08-2011 13:00,191
12-05-2011 21:00,163
02-09-2011 6:00,60
13-08-2012 21:00,274
15-07-2012 10:00,334
03-04-2011 17:00,199
14-05-2012 14:00,273
19-12-2012 11:00,238
09-04-2011 12:00,215
07-10-2012 21:00,162
02-07-2011 13:00,382
16-12-2012 03:00,7
08-02-2012 5:00,41
13-01-2011 10:00,15
18-04-2012 05:00,62
05-02-2012 12:00,256
11-02-2011 23:00,32
06-12-2011 11:00,43
08-10-2012 3:00,0
02-03-2012 22:00,118
15-03-2011 04:00,12
13-04-2012 01:00,24
09-09-2011 8:00,204
03-12-2011 1:00,29
09-04-2012 17:00,598
08-12-2012 22:00,94
13-12-2012 13:00,277
16-12-2012 19:00,232
16-02-2011 14:00,83
10-11-2011 10:00,111
16-01-2012 19:00,162
09-09-2012 5:00,67
19-01-2012 20:00,113
12-10-2011 19:00,271
19-08-2011 15:00,266
18-01-2011 13:00,0
06-07-2011 23:00,118
18-05-2011 09:00,227
01-06-2012 21:00,197
19-03-2012 01:00,33
12-03-2011 20:00,172
18-07-2011 12:00,141
10-11-2011 1:00,41
12-09-2012 7:00,427
01-05-2012 16:00,376
11-12-2011 17:00,191
11-03-2011 20:00,93
13-10-2011 10:00,50
05-07-2012 19:00,602
05-05-2011 14:00,208
18-06-2012 10:00,99
02-03-2011 18:00,288
13-05-2011 10:00,112
02-11-2011 8:00,297
18-11-2012 04:00,19
17-02-2011 13:00,116
19-01-2012 22:00,75
16-05-2012 13:00,333
15-11-2011 10:00,130
11-05-2012 1:00,47
02-01-2012 20:00,116
09-11-2012 9:00,451
19-03-2012 19:00,556
03-12-2011 8:00,65
03-10-2011 12:00,111
11-11-2012 18:00,449
07-11-2011 4:00,19
08-01-2011 14:00,142
14-01-2012 21:00,76
14-11-2011 20:00,211
08-02-2012 19:00,227
18-02-2012 01:00,24
06-08-2011 19:00,148
04-12-2011 11:00,238
11-04-2011 17:00,430
08-11-2012 9:00,456
15-12-2012 17:00,423
15-06-2011 21:00,214
09-03-2012 4:00,13
03-05-2012 9:00,403
14-04-2011 13:00,173
01-10-2012 19:00,573
04-08-2011 15:00,252
14-02-2012 09:00,332
16-11-2012 22:00,155
01-04-2011 21:00,103
03-12-2012 12:00,268
15-05-2012 20:00,225
17-09-2012 23:00,86
18-06-2011 17:00,342
09-09-2012 19:00,470
14-11-2011 06:00,58
16-08-2012 09:00,527
04-08-2011 19:00,434
06-09-2011 20:00,110
12-04-2012 15:00,312
07-01-2012 11:00,256
10-03-2011 12:00,33
15-12-2012 01:00,20
07-12-2011 12:00,49
10-04-2011 20:00,187
14-02-2011 06:00,1
08-03-2011 20:00,91
13-09-2011 14:00,234
07-02-2012 21:00,143
14-05-2012 04:00,38
09-05-2011 0:00,26
10-01-2011 6:00,3
15-05-2012 10:00,209
16-04-2012 14:00,433
15-01-2012 14:00,264
07-12-2012 3:00,19
09-05-2012 18:00,436
05-03-2011 23:00,39
17-09-2011 15:00,342
16-03-2011 21:00,108
15-11-2011 20:00,158
10-06-2011 23:00,125
13-01-2012 16:00,159
11-06-2011 2:00,23
19-10-2012 12:00,327
08-10-2012 12:00,360
06-11-2011 12:00,321
07-12-2011 21:00,23
08-10-2012 0:00,70
16-08-2011 19:00,496
17-11-2012 15:00,466
13-02-2012 18:00,422
10-12-2011 23:00,0
16-01-2012 23:00,0
10-11-2012 0:00,69
08-10-2012 11:00,322
16-08-2011 15:00,254
09-08-2011 19:00,487
10-05-2012 18:00,605
16-02-2012 15:00,117
04-12-2012 22:00,183
12-05-2011 4:00,16
07-07-2012 5:00,52
18-03-2012 11:00,288
01-07-2012 16:00,514
18-06-2012 03:00,20
10-07-2012 23:00,142
02-02-2011 19:00,188
07-12-2011 18:00,226
14-03-2011 06:00,20
18-09-2011 15:00,388
17-03-2012 06:00,89
06-10-2012 8:00,255
10-11-2011 10:00,112
08-06-2011 1:00,22
14-07-2011 08:00,331
01-08-2011 10:00,78
18-12-2012 00:00,45
09-02-2012 14:00,183
03-04-2011 19:00,102
03-06-2011 1:00,41
15-09-2011 22:00,133
01-01-2011 10:00,156
13-03-2011 21:00,80
05-03-2012 13:00,126
14-11-2011 02:00,24
02-09-2011 7:00,284
13-08-2011 18:00,299
14-10-2011 07:00,211
14-02-2012 02:00,0
05-05-2011 8:00,276
06-08-2012 5:00,38
06-09-2012 0:00,50
17-01-2011 10:00,81
07-04-2012 17:00,457
18-10-2012 18:00,585
05-11-2011 14:00,359
09-03-2012 7:00,305
04-08-2012 12:00,442
15-10-2012 08:00,475
07-09-2011 9:00,244
12-01-2011 13:00,9
13-10-2011 16:00,254
06-10-2012 16:00,546
09-09-2011 3:00,10
15-09-2012 03:00,45
07-04-2012 7:00,105
02-04-2012 4:00,24
01-06-2012 11:00,246
11-12-2012 22:00,131
04-11-2012 3:00,10
19-04-2012 22:00,196
14-08-2011 19:00,243
12-11-2011 3:00,14
15-09-2011 14:00,211
01-07-2012 13:00,450
11-11-2011 22:00,76
12-11-2012 8:00,267
06-12-2012 19:00,444
15-07-2012 18:00,353
05-05-2012 8:00,230
04-06-2012 15:00,384
13-01-2012 04:00,0
05-12-2012 13:00,304
11-06-2011 1:00,50
12-04-2012 3:00,20
10-09-2012 21:00,279
18-05-2011 07:00,276
02-03-2012 21:00,92
16-01-2012 15:00,217
12-08-2011 13:00,247
14-05-2012 13:00,253
16-11-2011 20:00,85
16-01-2012 04:00,0
17-02-2012 05:00,49
08-01-2012 17:00,270
14-08-2011 03:00,6
19-04-2012 09:00,410
17-07-2012 02:00,19
11-11-2011 19:00,163
17-09-2011 17:00,276
05-12-2011 3:00,12
01-02-2012 11:00,172
05-07-2011 9:00,354
06-11-2012 1:00,24
12-09-2012 16:00,435
14-03-2012 07:00,374
12-07-2011 19:00,468
15-05-2011 05:00,8
16-06-2012 17:00,543
03-04-2011 1:00,23
11-09-2011 14:00,406
06-05-2012 18:00,411
02-10-2011 14:00,215
01-06-2011 17:00,455
18-08-2012 04:00,50
12-01-2012 22:00,132
02-09-2011 2:00,8
06-04-2012 0:00,45
04-05-2011 8:00,160
14-03-2011 07:00,206
19-10-2011 08:00,254
15-04-2011 19:00,111
08-03-2012 13:00,239
07-08-2012 2:00,13
04-04-2011 3:00,2
02-12-2012 21:00,189
08-05-2012 3:00,41
02-06-2012 2:00,23
13-07-2011 08:00,301
11-09-2012 8:00,479
07-09-2012 0:00,61
13-11-2011 17:00,314
02-03-2011 3:00,6
03-02-2011 13:00,21
13-03-2012 23:00,159
03-05-2011 16:00,227
13-10-2011 04:00,27
06-09-2011 5:00,0
13-06-2012 09:00,469
07-03-2011 21:00,56
01-08-2011 7:00,290
10-05-2012 21:00,248
17-02-2011 06:00,43
15-08-2011 21:00,199
15-02-2011 00:00,0
02-01-2012 22:00,42
16-12-2012 01:00,10
04-05-2012 7:00,385
09-02-2012 4:00,21
10-09-2011 4:00,14
17-09-2011 12:00,302
19-11-2012 11:00,191
16-05-2011 16:00,116
03-05-2012 23:00,169
03-03-2011 22:00,41
17-03-2011 20:00,126
13-08-2011 20:00,241
04-02-2012 14:00,296
11-09-2011 13:00,382
02-06-2011 18:00,494
09-12-2011 17:00,343
03-01-2011 22:00,18
06-03-2011 10:00,161
12-07-2011 21:00,191
13-08-2011 22:00,129
17-06-2011 00:00,35
15-10-2011 20:00,269
10-05-2011 13:00,178
05-02-2012 23:00,0
16-06-2011 11:00,153
19-06-2011 01:00,72
15-04-2012 01:00,94
04-02-2011 15:00,62
10-01-2012 4:00,19
04-12-2012 3:00,27
01-09-2011 19:00,464
09-11-2011 22:00,115
10-10-2012 0:00,56
12-10-2012 22:00,195
02-07-2011 21:00,244
08-06-2011 23:00,114
09-03-2011 16:00,69
11-02-2012 1:00,2
05-02-2011 17:00,0
03-01-2011 0:00,0
11-08-2011 13:00,246
13-12-2011 14:00,159
19-12-2011 19:00,332
01-03-2011 3:00,2
16-08-2012 06:00,96
14-10-2012 02:00,25
04-05-2011 9:00,164
09-09-2012 21:00,311
09-05-2012 16:00,359
06-08-2011 0:00,97
08-09-2011 6:00,2
17-09-2011 04:00,31
02-02-2011 20:00,32
08-12-2011 13:00,131
12-04-2012 11:00,218
06-01-2012 3:00,12
13-11-2011 18:00,275
12-04-2012 16:00,317
13-05-2011 23:00,63
02-01-2011 4:00,41
11-01-2012 21:00,61
02-10-2012 1:00,61
03-08-2012 19:00,605
15-09-2012 18:00,515
12-05-2011 20:00,210
19-04-2011 11:00,105
11-03-2012 7:00,59
07-11-2012 22:00,109
11-05-2011 21:00,178
17-03-2011 18:00,286
11-02-2011 20:00,59
09-02-2011 16:00,29
07-10-2012 20:00,242
09-01-2011 13:00,142
13-04-2011 15:00,122
13-06-2011 12:00,178
07-06-2012 20:00,348
05-01-2012 21:00,112
05-09-2012 10:00,201
15-05-2012 15:00,328
17-08-2011 01:00,33
03-08-2012 3:00,27
19-05-2012 19:00,445
02-01-2011 2:00,25
16-01-2012 22:00,61
01-09-2012 10:00,321
16-06-2011 18:00,413
10-10-2012 13:00,354
13-01-2011 18:00,148
10-02-2011 8:00,169
10-05-2011 2:00,14
12-07-2011 7:00,291
15-04-2012 20:00,346
02-07-2011 22:00,178
04-07-2012 11:00,363
09-08-2011 2:00,0
09-10-2012 13:00,278
17-11-2012 20:00,238
06-09-2012 5:00,44
13-06-2011 04:00,23
05-09-2012 1:00,38
08-07-2011 13:00,179
04-10-2012 19:00,643
02-10-2011 6:00,65
18-06-2011 06:00,76
19-11-2011 23:00,44
09-04-2012 2:00,10
07-01-2012 4:00,19
01-05-2012 6:00,40
19-03-2011 12:00,242
06-04-2011 4:00,15
07-11-2012 12:00,223
19-06-2012 08:00,428
10-03-2011 5:00,0
12-03-2012 21:00,202
16-04-2012 03:00,25
17-12-2012 06:00,65
16-12-2011 18:00,296
16-10-2011 14:00,423
12-09-2012 22:00,227
15-03-2012 17:00,601
07-04-2011 7:00,207
11-11-2011 8:00,93
09-08-2011 10:00,87
09-07-2012 20:00,311
03-06-2011 9:00,343
12-01-2011 18:00,141
14-01-2011 00:00,0
14-08-2011 14:00,384
08-05-2012 11:00,225
09-11-2011 11:00,156
03-12-2012 21:00,192
10-08-2012 6:00,29
01-08-2012 1:00,39
09-06-2012 13:00,502
14-09-2011 22:00,178
04-07-2012 13:00,430
01-11-2012 12:00,190
01-10-2012 17:00,561
14-02-2012 20:00,170
13-01-2012 16:00,159
05-08-2011 16:00,278
16-05-2012 06:00,82
05-04-2012 20:00,241
10-10-2011 1:00,36
07-03-2011 17:00,268
02-09-2012 12:00,367
08-07-2011 4:00,1
15-06-2012 09:00,495
12-01-2011 7:00,181
14-08-2012 23:00,188
13-12-2012 17:00,540
14-12-2011 09:00,291
11-03-2012 21:00,184
06-12-2011 9:00,311
19-10-2012 23:00,139
18-09-2011 09:00,142
08-04-2012 22:00,171
04-01-2012 21:00,99
15-09-2011 11:00,157
15-05-2012 13:00,208
18-12-2012 22:00,154
19-06-2012 23:00,171
05-07-2011 12:00,167
07-08-2012 9:00,479
19-11-2012 22:00,152
16-09-2012 16:00,567
14-12-2011 16:00,167
01-04-2011 22:00,79
02-03-2012 2:00,10
16-04-2011 23:00,46
07-09-2012 21:00,270
09-07-2012 23:00,181
10-12-2011 0:00,59
10-01-2011 3:00,0
13-10-2011 19:00,383
05-01-2012 14:00,178
02-08-2011 1:00,26
16-03-2011 12:00,77
04-06-2011 23:00,118
15-11-2012 08:00,395
18-10-2011 01:00,30
03-10-2012 3:00,34
14-12-2012 06:00,84
14-09-2011 19:00,426
08-07-2012 9:00,289
02-03-2011 19:00,257
19-08-2012 14:00,416
16-03-2011 08:00,215
06-12-2011 7:00,287
05-01-2011 20:00,45
11-11-2011 21:00,122
14-11-2012 12:00,265
03-12-2012 11:00,232
19-03-2012 18:00,585
19-10-2011 15:00,82
15-09-2012 06:00,140
05-04-2011 12:00,59
05-10-2011 22:00,161
14-03-2011 22:00,61
17-05-2012 17:00,672
16-03-2012 20:00,209
07-06-2012 11:00,296
07-09-2011 22:00,86
08-01-2011 22:00,0
17-04-2011 03:00,19
18-05-2012 05:00,66
17-12-2011 03:00,6
01-10-2012 7:00,435
02-12-2012 15:00,464
19-12-2011 09:00,298
07-01-2012 0:00,66
16-12-2012 14:00,388
06-10-2012 22:00,167
13-02-2011 13:00,214
08-11-2011 6:00,54
19-06-2011 17:00,351
01-10-2012 7:00,431
07-08-2011 20:00,247
10-11-2011 23:00,98
03-07-2011 18:00,228
19-05-2012 16:00,550
17-11-2012 12:00,414
07-09-2012 22:00,226
16-04-2012 01:00,66
17-12-2012 10:00,156
03-08-2012 13:00,306
04-02-2012 12:00,267
16-01-2012 04:00,0
10-08-2011 3:00,13
05-12-2011 0:00,25
01-02-2012 19:00,489
08-02-2011 16:00,13
06-10-2012 0:00,114
17-12-2011 23:00,0
05-08-2012 14:00,500
17-06-2012 07:00,162
05-07-2011 17:00,506
08-06-2011 8:00,306
10-11-2011 5:00,43
13-06-2012 14:00,368
04-08-2012 15:00,532
05-09-2012 17:00,691
03-06-2011 11:00,192
12-09-2011 0:00,33
10-08-2012 17:00,695
03-07-2011 20:00,195
19-04-2012 08:00,370
12-07-2012 7:00,419
05-03-2012 0:00,0
14-09-2012 20:00,330
05-01-2012 4:00,24
02-04-2012 17:00,586
11-04-2011 4:00,16
04-09-2012 10:00,197
13-08-2012 14:00,373
15-01-2012 15:00,286
16-10-2011 10:00,278
17-12-2012 13:00,202
02-01-2011 17:00,62
10-10-2012 1:00,36
13-09-2012 07:00,418
03-06-2012 16:00,573
07-12-2012 18:00,478
06-04-2012 19:00,504
12-11-2011 15:00,399
06-10-2011 4:00,42
09-10-2012 23:00,152
12-04-2012 17:00,568
15-04-2011 13:00,301
10-09-2011 3:00,0
17-04-2012 14:00,322
18-07-2012 07:00,423
08-03-2011 16:00,109
03-01-2012 7:00,284
02-10-2012 23:00,152
15-01-2011 07:00,0
10-02-2012 11:00,142
17-03-2011 10:00,87
11-01-2011 17:00,106
03-04-2011 8:00,31
08-09-2011 4:00,15
02-02-2012 17:00,444
11-10-2011 3:00,30
06-08-2011 20:00,218
05-02-2011 0:00,55
09-06-2012 10:00,359
18-07-2011 13:00,162
15-04-2011 21:00,130
14-05-2011 13:00,198
11-05-2011 20:00,194
13-11-2011 03:00,38
07-10-2012 14:00,432
14-04-2012 09:00,249
17-01-2012 19:00,411
01-08-2011 11:00,84
11-02-2011 12:00,49
02-08-2012 5:00,48
10-12-2011 2:00,27
05-01-2011 19:00,178
01-06-2011 10:00,87
18-04-2011 15:00,172
15-03-2011 22:00,60
12-06-2012 15:00,217
04-04-2011 0:00,17
08-02-2011 3:00,0
14-06-2012 15:00,394
14-07-2011 10:00,160
16-02-2011 09:00,198
12-07-2012 18:00,689
08-09-2012 0:00,102
09-11-2011 4:00,31
18-09-2011 20:00,244
03-10-2012 20:00,332
11-04-2011 10:00,73
17-03-2012 04:00,38
12-07-2012 3:00,37
10-12-2012 10:00,156
10-11-2011 19:00,296
08-09-2012 3:00,19
08-09-2011 3:00,0
15-06-2011 15:00,267
04-06-2011 13:00,398
06-05-2011 12:00,181
16-10-2011 09:00,175
18-06-2011 11:00,298
15-05-2011 13:00,341
05-01-2012 11:00,150
05-08-2011 3:00,12
05-12-2012 10:00,200
02-03-2012 20:00,151
09-11-2012 17:00,591
15-03-2011 02:00,0
07-06-2012 21:00,298
09-06-2012 22:00,227
01-04-2011 12:00,109
17-06-2012 02:00,56
18-03-2012 11:00,291
03-01-2011 7:00,176
03-06-2012 22:00,226
04-05-2011 11:00,100
03-06-2012 10:00,373
10-07-2011 5:00,38
12-04-2011 2:00,25
01-08-2012 0:00,70
03-04-2012 2:00,18
03-05-2011 8:00,278
17-05-2011 13:00,114
19-11-2011 01:00,37
14-02-2011 11:00,43
05-06-2011 16:00,429
01-11-2011 6:00,57
09-06-2011 2:00,0
04-01-2012 18:00,298
09-05-2011 5:00,23
06-11-2012 4:00,32
04-12-2012 7:00,427
12-01-2012 21:00,172
18-04-2012 14:00,181
12-12-2012 22:00,132
01-08-2012 14:00,371
08-06-2012 20:00,352
05-09-2011 5:00,57
12-03-2012 15:00,282
11-11-2011 3:00,9
16-02-2012 00:00,19
11-12-2012 0:00,18
06-05-2011 11:00,150
18-08-2012 09:00,337
13-09-2012 09:00,522
16-09-2012 05:00,67
03-01-2012 18:00,297
03-04-2011 10:00,199
19-10-2011 17:00,296
07-08-2011 11:00,273
09-12-2011 2:00,6
15-09-2011 02:00,27
15-09-2012 23:00,132
07-03-2011 15:00,65
16-11-2011 15:00,90
02-02-2012 11:00,91
09-10-2011 9:00,152
07-11-2012 5:00,65
16-12-2011 05:00,32
14-01-2011 23:00,34
19-02-2011 09:00,4
17-03-2012 05:00,60
